<?xml version="1.0" encoding="UTF-8"?>
<?xml-stylesheet type="text/xsl" href="render.xsl"?>
<books>
    <book category="Physics">
        <title>Fundamental of Physics</title>
        <author>Saurabh Lohar</author>
        <price>1000</price>
    </book>
    <book category="Java">
        <title>Basic of Java Vol 1</title>
        <author>Rajvardhan Patil</author>
        <price>100</price>
    </book>
    <book>
        <title>Fundamental of Python</title>
        <author>Atharva Babar</author>
        <price>501</price>
    </book>
    <book category="Java">
        <title>Fundamental of Java</title>
        <author>Alfaj Mahabri</author>
        <price>200</price>
    </book>
    <book category="Java">
        <title>Basic of Java Vol 2</title>
        <author>Alfaj Mahabri</author>
        <price>999</price>
    </book>
    <book>
        <title>Application of Python</title>
        <author>Kunal Patil</author>
        <price>190</price>
    </book>
    <book>
        <title>Applications of AIML</title>
        <author>Prasad Magdum</author>
        <price>250</price>
    </book>
    <book>
         <title>Microprocessor COM</title>
        <author>Kabir Patil</author>
         <price>10</price>
    </book>
    <book>
        <title>How to How</title>
        <author>ABC</author>
        <price>1000</price>
    </book>
</books>
