<?xml version="1.0" encoding="UTF-8"?>
<?xml-stylesheet type="text/xsl" href="xpath.xsl"?>
<class>
<!-- Student Records   -->
    <student>
        <name>Sarvesh Halde</name>
        <rollno>01</rollno>
    </student>
    <student>
        <name>Sajid Sayyad</name>
        <rollno>02</rollno>
    </student>
    <student>
        <name>Kabir Patil</name>
        <rollno>03</rollno>
    </student>
    <student>
        <name>Karan Jadhav</name>
        <rollno>04</rollno>
    </student>
    <student>
        <name>Varad Thorawat</name>
        <rollno>06</rollno>
    </student>
    <student>
        <name>Anuj Sonwalkar</name>
        <rollno>07</rollno>
    </student>
    <student>
        <name>Pranav Dawang</name>
        <rollno>08</rollno>
    </student>
    <student>
        <name>Atharv Babar</name>
        <rollno>09</rollno>
    </student>
    <student>
        <name>Saurabh Lohar</name>
        <rollno>10</rollno>
    </student>
    <student>
        <name>Alfaj Mahabri</name>
        <rollno>13</rollno>
    </student>
</class>